<assembly xmlns="http://maven.apache.org/plugins/maven-assembly-plugin/assembly/1.1.0" xmlns:xsi="http://www.w3.org/2001/XMLSchema-instance" xsi:schemaLocation="http://maven.apache.org/plugins/maven-assembly-plugin/assembly/1.1.0 http://maven.apache.org/xsd/assembly-1.1.0.xsd">
  <id>bundle</id>
  <formats>
    <format>jar</format>
  </formats>
  <files>
    <file>
      <source>README.md</source>
      <outputDirectory></outputDirectory>
    </file>
  </files>
  <includeBaseDirectory>false</includeBaseDirectory>
  <dependencySets>
    <dependencySet>
      <outputDirectory>/</outputDirectory>
      <useProjectArtifact>true</useProjectArtifact>
      <unpack>true</unpack>
      <scope>runtime</scope>
      <unpackOptions>
        <excludes>
          <exclude>META-INF/maven/**</exclude>
          <exclude>META-INF/native-images/**</exclude>
          <exclude>META-INF/org/**</exclude>
          <exclude>META-INF/services/javax.annotation.processing.Processor</exclude>
          <exclude>META-INF/versions/**</exclude>
          <exclude>META-INF/*</exclude>
          <exclude>Log4j-*</exclude>
          <exclude>module-info.class</exclude>
        </excludes>
      </unpackOptions>
    </dependencySet>
    <dependencySet>
      <outputDirectory>/</outputDirectory>
      <unpack>true</unpack>
      <scope>system</scope>
    </dependencySet>
  </dependencySets>
</assembly>